[{"model": "orders.item", "pk": 3, "fields": {"type": "Croissant", "name": "Croissant", "price": "12.00"}}, {"model": "orders.item", "pk": 4, "fields": {"type": "Croissant", "name": "Choco", "price": "13.00"}}, {"model": "orders.item", "pk": 5, "fields": {"type": "Baguette", "name": "Baguette", "price": "10.00"}}, {"model": "orders.item", "pk": 6, "fields": {"type": "Baguette", "name": "Tradition", "price": "12.00"}}, {"model": "orders.item", "pk": 7, "fields": {"type": "Special", "name": "Campagne", "price": "15.00"}}, {"model": "orders.address", "pk": 1, "fields": {"street": "33, 9b Street", "area": "Umm Suqeim", "housing": "VILLA", "floor_nbr": "", "counpound_name": "Arenco", "apt_villa_nbr": 5, "details": "test", "json_geocode": {"types": ["street_address"], "geometry": {"location": {"lat": 25.1703286, "lng": 55.21941400000003}, "viewport": {"east": 55.22076298029151, "west": 55.21806501970855, "north": 25.1716775802915, "south": 25.16897961970849}, "location_type": "ROOFTOP"}, "place_id": "ChIJheMyQhtqXz4RwHNBgBqTmJo", "plus_code": {"global_code": "7HQQ56C9+4Q", "compound_code": "56C9+4Q Dubai - United Arab Emirates"}, "formatted_address": "33 9b St - Dubai - United Arab Emirates", "address_components": [{"types": ["street_number"], "long_name": "33", "short_name": "33"}, {"types": ["route"], "long_name": "9b Street", "short_name": "9b St"}, {"types": ["political", "sublocality", "sublocality_level_1"], "long_name": "Umm Suqeim", "short_name": "Umm Suqeim"}, {"types": ["locality", "political"], "long_name": "Dubai", "short_name": "Dubai"}, {"types": ["administrative_area_level_1", "political"], "long_name": "Dubai", "short_name": "Dubai"}, {"types": ["country", "political"], "long_name": "United Arab Emirates", "short_name": "AE"}]}}}, {"model": "orders.address", "pk": 2, "fields": {"street": "33, 9b Street", "area": "Umm Suqeim", "housing": "VILLA", "floor_nbr": "", "counpound_name": "Arenco", "apt_villa_nbr": 5, "details": "test", "json_geocode": {"types": ["street_address"], "geometry": {"location": {"lat": 25.1703286, "lng": 55.21941400000003}, "viewport": {"east": 55.22076298029151, "west": 55.21806501970855, "north": 25.1716775802915, "south": 25.16897961970849}, "location_type": "ROOFTOP"}, "place_id": "ChIJheMyQhtqXz4RwHNBgBqTmJo", "plus_code": {"global_code": "7HQQ56C9+4Q", "compound_code": "56C9+4Q Dubai - United Arab Emirates"}, "formatted_address": "33 9b St - Dubai - United Arab Emirates", "address_components": [{"types": ["street_number"], "long_name": "33", "short_name": "33"}, {"types": ["route"], "long_name": "9b Street", "short_name": "9b St"}, {"types": ["political", "sublocality", "sublocality_level_1"], "long_name": "Umm Suqeim", "short_name": "Umm Suqeim"}, {"types": ["locality", "political"], "long_name": "Dubai", "short_name": "Dubai"}, {"types": ["administrative_area_level_1", "political"], "long_name": "Dubai", "short_name": "Dubai"}, {"types": ["country", "political"], "long_name": "United Arab Emirates", "short_name": "AE"}]}}}, {"model": "orders.address", "pk": 3, "fields": {"street": "33, 9b Street", "area": "Umm Suqeim", "housing": "VILLA", "floor_nbr": "", "counpound_name": "Arenco", "apt_villa_nbr": 5, "details": "test", "json_geocode": {"types": ["street_address"], "geometry": {"location": {"lat": 25.1703286, "lng": 55.21941400000003}, "viewport": {"east": 55.22076298029151, "west": 55.21806501970855, "north": 25.1716775802915, "south": 25.16897961970849}, "location_type": "ROOFTOP"}, "place_id": "ChIJheMyQhtqXz4RwHNBgBqTmJo", "plus_code": {"global_code": "7HQQ56C9+4Q", "compound_code": "56C9+4Q Dubai - United Arab Emirates"}, "formatted_address": "33 9b St - Dubai - United Arab Emirates", "address_components": [{"types": ["street_number"], "long_name": "33", "short_name": "33"}, {"types": ["route"], "long_name": "9b Street", "short_name": "9b St"}, {"types": ["political", "sublocality", "sublocality_level_1"], "long_name": "Umm Suqeim", "short_name": "Umm Suqeim"}, {"types": ["locality", "political"], "long_name": "Dubai", "short_name": "Dubai"}, {"types": ["administrative_area_level_1", "political"], "long_name": "Dubai", "short_name": "Dubai"}, {"types": ["country", "political"], "long_name": "United Arab Emirates", "short_name": "AE"}]}}}, {"model": "orders.address", "pk": 4, "fields": {"street": "33, 9b Street", "area": "Umm Suqeim", "housing": "VILLA", "floor_nbr": "", "counpound_name": "Arenco", "apt_villa_nbr": 1, "details": "test", "json_geocode": {"types": ["street_address"], "geometry": {"location": {"lat": 25.1703286, "lng": 55.21941400000003}, "viewport": {"east": 55.22076298029151, "west": 55.21806501970855, "north": 25.1716775802915, "south": 25.16897961970849}, "location_type": "ROOFTOP"}, "place_id": "ChIJheMyQhtqXz4RwHNBgBqTmJo", "plus_code": {"global_code": "7HQQ56C9+4Q", "compound_code": "56C9+4Q Dubai - United Arab Emirates"}, "formatted_address": "33 9b St - Dubai - United Arab Emirates", "address_components": [{"types": ["street_number"], "long_name": "33", "short_name": "33"}, {"types": ["route"], "long_name": "9b Street", "short_name": "9b St"}, {"types": ["political", "sublocality", "sublocality_level_1"], "long_name": "Umm Suqeim", "short_name": "Umm Suqeim"}, {"types": ["locality", "political"], "long_name": "Dubai", "short_name": "Dubai"}, {"types": ["administrative_area_level_1", "political"], "long_name": "Dubai", "short_name": "Dubai"}, {"types": ["country", "political"], "long_name": "United Arab Emirates", "short_name": "AE"}]}}}, {"model": "orders.address", "pk": 5, "fields": {"street": "33, 9b Street", "area": "Umm Suqeim", "housing": "VILLA", "floor_nbr": "", "counpound_name": "Arenco", "apt_villa_nbr": 5, "details": "test", "json_geocode": {"types": ["street_address"], "geometry": {"location": {"lat": 25.1703286, "lng": 55.21941400000003}, "viewport": {"east": 55.22076298029151, "west": 55.21806501970855, "north": 25.1716775802915, "south": 25.16897961970849}, "location_type": "ROOFTOP"}, "place_id": "ChIJheMyQhtqXz4RwHNBgBqTmJo", "plus_code": {"global_code": "7HQQ56C9+4Q", "compound_code": "56C9+4Q Dubai - United Arab Emirates"}, "formatted_address": "33 9b St - Dubai - United Arab Emirates", "address_components": [{"types": ["street_number"], "long_name": "33", "short_name": "33"}, {"types": ["route"], "long_name": "9b Street", "short_name": "9b St"}, {"types": ["political", "sublocality", "sublocality_level_1"], "long_name": "Umm Suqeim", "short_name": "Umm Suqeim"}, {"types": ["locality", "political"], "long_name": "Dubai", "short_name": "Dubai"}, {"types": ["administrative_area_level_1", "political"], "long_name": "Dubai", "short_name": "Dubai"}, {"types": ["country", "political"], "long_name": "United Arab Emirates", "short_name": "AE"}]}}}, {"model": "orders.address", "pk": 6, "fields": {"street": "33, 9b Street", "area": "Umm Suqeim", "housing": "VILLA", "floor_nbr": "", "counpound_name": "Arenco", "apt_villa_nbr": 5, "details": "test", "json_geocode": {"types": ["street_address"], "geometry": {"location": {"lat": 25.1703286, "lng": 55.21941400000003}, "viewport": {"east": 55.22076298029151, "west": 55.21806501970855, "north": 25.1716775802915, "south": 25.16897961970849}, "location_type": "ROOFTOP"}, "place_id": "ChIJheMyQhtqXz4RwHNBgBqTmJo", "plus_code": {"global_code": "7HQQ56C9+4Q", "compound_code": "56C9+4Q Dubai - United Arab Emirates"}, "formatted_address": "33 9b St - Dubai - United Arab Emirates", "address_components": [{"types": ["street_number"], "long_name": "33", "short_name": "33"}, {"types": ["route"], "long_name": "9b Street", "short_name": "9b St"}, {"types": ["political", "sublocality", "sublocality_level_1"], "long_name": "Umm Suqeim", "short_name": "Umm Suqeim"}, {"types": ["locality", "political"], "long_name": "Dubai", "short_name": "Dubai"}, {"types": ["administrative_area_level_1", "political"], "long_name": "Dubai", "short_name": "Dubai"}, {"types": ["country", "political"], "long_name": "United Arab Emirates", "short_name": "AE"}]}}}, {"model": "orders.address", "pk": 7, "fields": {"street": "33, 9b Street", "area": "Umm Suqeim", "housing": "VILLA", "floor_nbr": "", "counpound_name": "Arenco", "apt_villa_nbr": 5, "details": "test", "json_geocode": {"types": ["street_address"], "geometry": {"location": {"lat": 25.1703286, "lng": 55.21941400000003}, "viewport": {"east": 55.22076298029151, "west": 55.21806501970855, "north": 25.1716775802915, "south": 25.16897961970849}, "location_type": "ROOFTOP"}, "place_id": "ChIJheMyQhtqXz4RwHNBgBqTmJo", "plus_code": {"global_code": "7HQQ56C9+4Q", "compound_code": "56C9+4Q Dubai - United Arab Emirates"}, "formatted_address": "33 9b St - Dubai - United Arab Emirates", "address_components": [{"types": ["street_number"], "long_name": "33", "short_name": "33"}, {"types": ["route"], "long_name": "9b Street", "short_name": "9b St"}, {"types": ["political", "sublocality", "sublocality_level_1"], "long_name": "Umm Suqeim", "short_name": "Umm Suqeim"}, {"types": ["locality", "political"], "long_name": "Dubai", "short_name": "Dubai"}, {"types": ["administrative_area_level_1", "political"], "long_name": "Dubai", "short_name": "Dubai"}, {"types": ["country", "political"], "long_name": "United Arab Emirates", "short_name": "AE"}]}}}, {"model": "orders.address", "pk": 8, "fields": {"street": "33, 9b Street", "area": "Umm Suqeim", "housing": "VILLA", "floor_nbr": "", "counpound_name": "Arenco", "apt_villa_nbr": 5, "details": "test", "json_geocode": {"types": ["street_address"], "geometry": {"location": {"lat": 25.1703286, "lng": 55.21941400000003}, "viewport": {"east": 55.22076298029151, "west": 55.21806501970855, "north": 25.1716775802915, "south": 25.16897961970849}, "location_type": "ROOFTOP"}, "place_id": "ChIJheMyQhtqXz4RwHNBgBqTmJo", "plus_code": {"global_code": "7HQQ56C9+4Q", "compound_code": "56C9+4Q Dubai - United Arab Emirates"}, "formatted_address": "33 9b St - Dubai - United Arab Emirates", "address_components": [{"types": ["street_number"], "long_name": "33", "short_name": "33"}, {"types": ["route"], "long_name": "9b Street", "short_name": "9b St"}, {"types": ["political", "sublocality", "sublocality_level_1"], "long_name": "Umm Suqeim", "short_name": "Umm Suqeim"}, {"types": ["locality", "political"], "long_name": "Dubai", "short_name": "Dubai"}, {"types": ["administrative_area_level_1", "political"], "long_name": "Dubai", "short_name": "Dubai"}, {"types": ["country", "political"], "long_name": "United Arab Emirates", "short_name": "AE"}]}}}, {"model": "orders.address", "pk": 9, "fields": {"street": "33, 9b Street", "area": "Umm Suqeim", "housing": "VILLA", "floor_nbr": "", "counpound_name": "Arenco", "apt_villa_nbr": 5, "details": "test", "json_geocode": {"types": ["street_address"], "geometry": {"location": {"lat": 25.1703286, "lng": 55.21941400000003}, "viewport": {"east": 55.22076298029151, "west": 55.21806501970855, "north": 25.1716775802915, "south": 25.16897961970849}, "location_type": "ROOFTOP"}, "place_id": "ChIJheMyQhtqXz4RwHNBgBqTmJo", "plus_code": {"global_code": "7HQQ56C9+4Q", "compound_code": "56C9+4Q Dubai - United Arab Emirates"}, "formatted_address": "33 9b St - Dubai - United Arab Emirates", "address_components": [{"types": ["street_number"], "long_name": "33", "short_name": "33"}, {"types": ["route"], "long_name": "9b Street", "short_name": "9b St"}, {"types": ["political", "sublocality", "sublocality_level_1"], "long_name": "Umm Suqeim", "short_name": "Umm Suqeim"}, {"types": ["locality", "political"], "long_name": "Dubai", "short_name": "Dubai"}, {"types": ["administrative_area_level_1", "political"], "long_name": "Dubai", "short_name": "Dubai"}, {"types": ["country", "political"], "long_name": "United Arab Emirates", "short_name": "AE"}]}}}, {"model": "orders.address", "pk": 10, "fields": {"street": "33, 9b Street", "area": "Umm Suqeim", "housing": "VILLA", "floor_nbr": "", "counpound_name": "Arenco", "apt_villa_nbr": 5, "details": "test", "json_geocode": {"types": ["street_address"], "geometry": {"location": {"lat": 25.1703286, "lng": 55.21941400000003}, "viewport": {"east": 55.22076298029151, "west": 55.21806501970855, "north": 25.1716775802915, "south": 25.16897961970849}, "location_type": "ROOFTOP"}, "place_id": "ChIJheMyQhtqXz4RwHNBgBqTmJo", "plus_code": {"global_code": "7HQQ56C9+4Q", "compound_code": "56C9+4Q Dubai - United Arab Emirates"}, "formatted_address": "33 9b St - Dubai - United Arab Emirates", "address_components": [{"types": ["street_number"], "long_name": "33", "short_name": "33"}, {"types": ["route"], "long_name": "9b Street", "short_name": "9b St"}, {"types": ["political", "sublocality", "sublocality_level_1"], "long_name": "Umm Suqeim", "short_name": "Umm Suqeim"}, {"types": ["locality", "political"], "long_name": "Dubai", "short_name": "Dubai"}, {"types": ["administrative_area_level_1", "political"], "long_name": "Dubai", "short_name": "Dubai"}, {"types": ["country", "political"], "long_name": "United Arab Emirates", "short_name": "AE"}]}}}, {"model": "orders.address", "pk": 11, "fields": {"street": "33, 9b Street", "area": "Umm Suqeim", "housing": "VILLA", "floor_nbr": "", "counpound_name": "Arenco", "apt_villa_nbr": 5, "details": "test", "json_geocode": {"types": ["street_address"], "geometry": {"location": {"lat": 25.1703286, "lng": 55.21941400000003}, "viewport": {"east": 55.22076298029151, "west": 55.21806501970855, "north": 25.1716775802915, "south": 25.16897961970849}, "location_type": "ROOFTOP"}, "place_id": "ChIJheMyQhtqXz4RwHNBgBqTmJo", "plus_code": {"global_code": "7HQQ56C9+4Q", "compound_code": "56C9+4Q Dubai - United Arab Emirates"}, "formatted_address": "33 9b St - Dubai - United Arab Emirates", "address_components": [{"types": ["street_number"], "long_name": "33", "short_name": "33"}, {"types": ["route"], "long_name": "9b Street", "short_name": "9b St"}, {"types": ["political", "sublocality", "sublocality_level_1"], "long_name": "Umm Suqeim", "short_name": "Umm Suqeim"}, {"types": ["locality", "political"], "long_name": "Dubai", "short_name": "Dubai"}, {"types": ["administrative_area_level_1", "political"], "long_name": "Dubai", "short_name": "Dubai"}, {"types": ["country", "political"], "long_name": "United Arab Emirates", "short_name": "AE"}]}}}, {"model": "orders.preference", "pk": 1, "fields": {"delivery_time": "AM", "reception_type": "L"}}, {"model": "orders.preference", "pk": 2, "fields": {"delivery_time": "AM", "reception_type": "L"}}, {"model": "orders.preference", "pk": 3, "fields": {"delivery_time": "AM", "reception_type": "L"}}, {"model": "orders.preference", "pk": 4, "fields": {"delivery_time": "AM", "reception_type": "L"}}, {"model": "orders.preference", "pk": 5, "fields": {"delivery_time": "AM", "reception_type": "L"}}, {"model": "orders.preference", "pk": 6, "fields": {"delivery_time": "AM", "reception_type": "L"}}, {"model": "orders.preference", "pk": 7, "fields": {"delivery_time": "AM", "reception_type": "L"}}, {"model": "orders.preference", "pk": 8, "fields": {"delivery_time": "AM", "reception_type": "L"}}, {"model": "orders.preference", "pk": 9, "fields": {"delivery_time": "AM", "reception_type": "L"}}, {"model": "orders.preference", "pk": 10, "fields": {"delivery_time": "AM", "reception_type": "L"}}, {"model": "orders.preference", "pk": 11, "fields": {"delivery_time": "AM", "reception_type": "L"}}, {"model": "orders.orderitem", "pk": 17, "fields": {"order": null, "qty": 1, "item": null}}, {"model": "orders.orderitem", "pk": 29, "fields": {"order": 16, "qty": 1, "item": 3}}, {"model": "orders.orderitem", "pk": 30, "fields": {"order": 17, "qty": 1, "item": 5}}, {"model": "orders.orderitem", "pk": 31, "fields": {"order": 18, "qty": 1, "item": 5}}, {"model": "orders.orderitem", "pk": 32, "fields": {"order": 19, "qty": 1, "item": 7}}, {"model": "orders.orderitem", "pk": 33, "fields": {"order": 20, "qty": 1, "item": 5}}, {"model": "orders.orderitem", "pk": 34, "fields": {"order": 21, "qty": 1, "item": 3}}, {"model": "orders.orderitem", "pk": 35, "fields": {"order": 21, "qty": 1, "item": 4}}, {"model": "orders.orderitem", "pk": 36, "fields": {"order": 21, "qty": 1, "item": 5}}, {"model": "orders.orderitem", "pk": 37, "fields": {"order": 21, "qty": 1, "item": 6}}, {"model": "orders.orderitem", "pk": 38, "fields": {"order": 21, "qty": 1, "item": 7}}, {"model": "orders.orderitem", "pk": 39, "fields": {"order": 22, "qty": 0, "item": 3}}, {"model": "orders.orderitem", "pk": 40, "fields": {"order": 22, "qty": 1, "item": 4}}, {"model": "orders.orderitem", "pk": 41, "fields": {"order": 22, "qty": 0, "item": 5}}, {"model": "orders.orderitem", "pk": 42, "fields": {"order": 22, "qty": 0, "item": 6}}, {"model": "orders.orderitem", "pk": 43, "fields": {"order": 22, "qty": 1, "item": 7}}, {"model": "orders.topup", "pk": 1, "fields": {"amount": 500, "charge": 480}}, {"model": "orders.topup", "pk": 2, "fields": {"amount": 200, "charge": 190}}, {"model": "orders.topup", "pk": 3, "fields": {"amount": 1000, "charge": 950}}, {"model": "geo.coordinate", "pk": 1, "fields": {"lat": 25.17447, "lng": 55.21973}}, {"model": "geo.coordinate", "pk": 2, "fields": {"lat": 25.16952, "lng": 55.22733}}, {"model": "geo.coordinate", "pk": 3, "fields": {"lat": 25.15508, "lng": 55.21613}}, {"model": "geo.coordinate", "pk": 4, "fields": {"lat": 25.16129, "lng": 55.20604}}, {"model": "geo.coordinate", "pk": 5, "fields": {"lat": 25.17447, "lng": 55.21973}}, {"model": "geo.coordinate", "pk": 6, "fields": {"lat": 25.14024, "lng": 55.20474}}, {"model": "geo.coordinate", "pk": 7, "fields": {"lat": 25.15444, "lng": 55.21616}}, {"model": "geo.coordinate", "pk": 8, "fields": {"lat": 25.14948, "lng": 55.22389}}, {"model": "geo.coordinate", "pk": 9, "fields": {"lat": 25.13419, "lng": 55.21369}}, {"model": "geo.coordinate", "pk": 10, "fields": {"lat": 25.14024, "lng": 55.20474}}, {"model": "geo.coordinate", "pk": 11, "fields": {"lat": 25.17496, "lng": 55.21996}}, {"model": "geo.coordinate", "pk": 12, "fields": {"lat": 25.19562, "lng": 55.236}}, {"model": "geo.coordinate", "pk": 13, "fields": {"lat": 25.19197, "lng": 55.24308}}, {"model": "geo.coordinate", "pk": 14, "fields": {"lat": 25.16976, "lng": 55.22758}}, {"model": "geo.coordinate", "pk": 15, "fields": {"lat": 25.17496, "lng": 55.21996}}, {"model": "geo.area", "pk": 1, "fields": {"name": "Umm_Suqueim_1", "is_activated": true, "co": [1, 2, 3, 4, 5]}}, {"model": "geo.area", "pk": 2, "fields": {"name": "Al_Manara", "is_activated": true, "co": [6, 7, 8, 9, 10]}}, {"model": "geo.area", "pk": 3, "fields": {"name": "Jumerah_3", "is_activated": true, "co": [11, 12, 13, 14, 15]}}, {"model": "contenttypes.contenttype", "pk": 1, "fields": {"app_label": "orders", "model": "address"}}, {"model": "contenttypes.contenttype", "pk": 2, "fields": {"app_label": "orders", "model": "item"}}, {"model": "contenttypes.contenttype", "pk": 3, "fields": {"app_label": "orders", "model": "order"}}, {"model": "contenttypes.contenttype", "pk": 4, "fields": {"app_label": "orders", "model": "orderitem"}}, {"model": "contenttypes.contenttype", "pk": 5, "fields": {"app_label": "orders", "model": "preference"}}, {"model": "contenttypes.contenttype", "pk": 6, "fields": {"app_label": "orders", "model": "topup"}}, {"model": "contenttypes.contenttype", "pk": 7, "fields": {"app_label": "geo", "model": "area"}}, {"model": "contenttypes.contenttype", "pk": 8, "fields": {"app_label": "geo", "model": "coordinate"}}, {"model": "contenttypes.contenttype", "pk": 9, "fields": {"app_label": "admin", "model": "logentry"}}, {"model": "contenttypes.contenttype", "pk": 10, "fields": {"app_label": "auth", "model": "permission"}}, {"model": "contenttypes.contenttype", "pk": 11, "fields": {"app_label": "auth", "model": "group"}}, {"model": "contenttypes.contenttype", "pk": 12, "fields": {"app_label": "contenttypes", "model": "contenttype"}}, {"model": "contenttypes.contenttype", "pk": 13, "fields": {"app_label": "sessions", "model": "session"}}, {"model": "contenttypes.contenttype", "pk": 14, "fields": {"app_label": "users", "model": "customuser"}}, {"model": "contenttypes.contenttype", "pk": 15, "fields": {"app_label": "users", "model": "membership"}}, {"model": "sessions.session", "pk": "2zu4lnlu8mbr014fl81l04z7vslho0iq", "fields": {"session_data": "ODkyNTlkYjUyZGM0Mjc0MWNiM2RlZTAzYzJlYTk1MDVlN2M0ODEwNzp7Il9hdXRoX3VzZXJfaWQiOiIxIiwiX2F1dGhfdXNlcl9iYWNrZW5kIjoiZGphbmdvLmNvbnRyaWIuYXV0aC5iYWNrZW5kcy5Nb2RlbEJhY2tlbmQiLCJfYXV0aF91c2VyX2hhc2giOiJhMDRjMzRmNTEyNmZhMTdlNmVjNzgxNzI2MmUxYmZiNGM5Y2FkMmEyIn0=", "expire_date": "2019-03-06T06:55:03.464Z"}}, {"model": "users.membership", "pk": 1, "fields": {"name": "silver", "goal": "0.30", "discount": "0.05", "pic": "member_pic/silver_hv3KR1s.svg"}}, {"model": "users.membership", "pk": 3, "fields": {"name": "platinum", "goal": "0.85", "discount": "0.15", "pic": "member_pic/platinium_QA9ftOL.svg"}}, {"model": "users.membership", "pk": 4, "fields": {"name": "gold", "goal": "0.65", "discount": "0.10", "pic": "member_pic/gold_JrfynXQ.svg"}}, {"model": "auth.permission", "pk": 1, "fields": {"name": "Can add address", "content_type": 1, "codename": "add_address"}}, {"model": "auth.permission", "pk": 2, "fields": {"name": "Can change address", "content_type": 1, "codename": "change_address"}}, {"model": "auth.permission", "pk": 3, "fields": {"name": "Can delete address", "content_type": 1, "codename": "delete_address"}}, {"model": "auth.permission", "pk": 4, "fields": {"name": "Can view address", "content_type": 1, "codename": "view_address"}}, {"model": "auth.permission", "pk": 5, "fields": {"name": "Can add item", "content_type": 2, "codename": "add_item"}}, {"model": "auth.permission", "pk": 6, "fields": {"name": "Can change item", "content_type": 2, "codename": "change_item"}}, {"model": "auth.permission", "pk": 7, "fields": {"name": "Can delete item", "content_type": 2, "codename": "delete_item"}}, {"model": "auth.permission", "pk": 8, "fields": {"name": "Can view item", "content_type": 2, "codename": "view_item"}}, {"model": "auth.permission", "pk": 9, "fields": {"name": "Can add order", "content_type": 3, "codename": "add_order"}}, {"model": "auth.permission", "pk": 10, "fields": {"name": "Can change order", "content_type": 3, "codename": "change_order"}}, {"model": "auth.permission", "pk": 11, "fields": {"name": "Can delete order", "content_type": 3, "codename": "delete_order"}}, {"model": "auth.permission", "pk": 12, "fields": {"name": "Can view order", "content_type": 3, "codename": "view_order"}}, {"model": "auth.permission", "pk": 13, "fields": {"name": "Can add order item", "content_type": 4, "codename": "add_orderitem"}}, {"model": "auth.permission", "pk": 14, "fields": {"name": "Can change order item", "content_type": 4, "codename": "change_orderitem"}}, {"model": "auth.permission", "pk": 15, "fields": {"name": "Can delete order item", "content_type": 4, "codename": "delete_orderitem"}}, {"model": "auth.permission", "pk": 16, "fields": {"name": "Can view order item", "content_type": 4, "codename": "view_orderitem"}}, {"model": "auth.permission", "pk": 17, "fields": {"name": "Can add preference", "content_type": 5, "codename": "add_preference"}}, {"model": "auth.permission", "pk": 18, "fields": {"name": "Can change preference", "content_type": 5, "codename": "change_preference"}}, {"model": "auth.permission", "pk": 19, "fields": {"name": "Can delete preference", "content_type": 5, "codename": "delete_preference"}}, {"model": "auth.permission", "pk": 20, "fields": {"name": "Can view preference", "content_type": 5, "codename": "view_preference"}}, {"model": "auth.permission", "pk": 21, "fields": {"name": "Can add topup", "content_type": 6, "codename": "add_topup"}}, {"model": "auth.permission", "pk": 22, "fields": {"name": "Can change topup", "content_type": 6, "codename": "change_topup"}}, {"model": "auth.permission", "pk": 23, "fields": {"name": "Can delete topup", "content_type": 6, "codename": "delete_topup"}}, {"model": "auth.permission", "pk": 24, "fields": {"name": "Can view topup", "content_type": 6, "codename": "view_topup"}}, {"model": "auth.permission", "pk": 25, "fields": {"name": "Can add area", "content_type": 7, "codename": "add_area"}}, {"model": "auth.permission", "pk": 26, "fields": {"name": "Can change area", "content_type": 7, "codename": "change_area"}}, {"model": "auth.permission", "pk": 27, "fields": {"name": "Can delete area", "content_type": 7, "codename": "delete_area"}}, {"model": "auth.permission", "pk": 28, "fields": {"name": "Can view area", "content_type": 7, "codename": "view_area"}}, {"model": "auth.permission", "pk": 29, "fields": {"name": "Can add coordinate", "content_type": 8, "codename": "add_coordinate"}}, {"model": "auth.permission", "pk": 30, "fields": {"name": "Can change coordinate", "content_type": 8, "codename": "change_coordinate"}}, {"model": "auth.permission", "pk": 31, "fields": {"name": "Can delete coordinate", "content_type": 8, "codename": "delete_coordinate"}}, {"model": "auth.permission", "pk": 32, "fields": {"name": "Can view coordinate", "content_type": 8, "codename": "view_coordinate"}}, {"model": "auth.permission", "pk": 33, "fields": {"name": "Can add log entry", "content_type": 9, "codename": "add_logentry"}}, {"model": "auth.permission", "pk": 34, "fields": {"name": "Can change log entry", "content_type": 9, "codename": "change_logentry"}}, {"model": "auth.permission", "pk": 35, "fields": {"name": "Can delete log entry", "content_type": 9, "codename": "delete_logentry"}}, {"model": "auth.permission", "pk": 36, "fields": {"name": "Can view log entry", "content_type": 9, "codename": "view_logentry"}}, {"model": "auth.permission", "pk": 37, "fields": {"name": "Can add permission", "content_type": 10, "codename": "add_permission"}}, {"model": "auth.permission", "pk": 38, "fields": {"name": "Can change permission", "content_type": 10, "codename": "change_permission"}}, {"model": "auth.permission", "pk": 39, "fields": {"name": "Can delete permission", "content_type": 10, "codename": "delete_permission"}}, {"model": "auth.permission", "pk": 40, "fields": {"name": "Can view permission", "content_type": 10, "codename": "view_permission"}}, {"model": "auth.permission", "pk": 41, "fields": {"name": "Can add group", "content_type": 11, "codename": "add_group"}}, {"model": "auth.permission", "pk": 42, "fields": {"name": "Can change group", "content_type": 11, "codename": "change_group"}}, {"model": "auth.permission", "pk": 43, "fields": {"name": "Can delete group", "content_type": 11, "codename": "delete_group"}}, {"model": "auth.permission", "pk": 44, "fields": {"name": "Can view group", "content_type": 11, "codename": "view_group"}}, {"model": "auth.permission", "pk": 45, "fields": {"name": "Can add content type", "content_type": 12, "codename": "add_contenttype"}}, {"model": "auth.permission", "pk": 46, "fields": {"name": "Can change content type", "content_type": 12, "codename": "change_contenttype"}}, {"model": "auth.permission", "pk": 47, "fields": {"name": "Can delete content type", "content_type": 12, "codename": "delete_contenttype"}}, {"model": "auth.permission", "pk": 48, "fields": {"name": "Can view content type", "content_type": 12, "codename": "view_contenttype"}}, {"model": "auth.permission", "pk": 49, "fields": {"name": "Can add session", "content_type": 13, "codename": "add_session"}}, {"model": "auth.permission", "pk": 50, "fields": {"name": "Can change session", "content_type": 13, "codename": "change_session"}}, {"model": "auth.permission", "pk": 51, "fields": {"name": "Can delete session", "content_type": 13, "codename": "delete_session"}}, {"model": "auth.permission", "pk": 52, "fields": {"name": "Can view session", "content_type": 13, "codename": "view_session"}}, {"model": "auth.permission", "pk": 53, "fields": {"name": "Can add user", "content_type": 14, "codename": "add_customuser"}}, {"model": "auth.permission", "pk": 54, "fields": {"name": "Can change user", "content_type": 14, "codename": "change_customuser"}}, {"model": "auth.permission", "pk": 55, "fields": {"name": "Can delete user", "content_type": 14, "codename": "delete_customuser"}}, {"model": "auth.permission", "pk": 56, "fields": {"name": "Can view user", "content_type": 14, "codename": "view_customuser"}}, {"model": "auth.permission", "pk": 57, "fields": {"name": "Can add membership", "content_type": 15, "codename": "add_membership"}}, {"model": "auth.permission", "pk": 58, "fields": {"name": "Can change membership", "content_type": 15, "codename": "change_membership"}}, {"model": "auth.permission", "pk": 59, "fields": {"name": "Can delete membership", "content_type": 15, "codename": "delete_membership"}}, {"model": "auth.permission", "pk": 60, "fields": {"name": "Can view membership", "content_type": 15, "codename": "view_membership"}}, {"model": "users.customuser", "pk": 2, "fields": {"password": "pbkdf2_sha256$120000$z0v83bkK4I4r$qxXAQFqIcLmNbxI7vB6qkzb6MUlEYZUxH40Abs6FmXg=", "last_login": "2019-02-20T08:02:58Z", "is_superuser": true, "username": "cs50", "first_name": "Benjamin", "last_name": "Bois", "email": "cs50@gmail.com", "is_staff": true, "is_active": true, "date_joined": "2019-02-20T07:13:50Z", "AO_activated": false, "membership": 1, "ratio": "0.57", "email_confirmed": true, "phone_number": "0588779944", "address": 11, "preference": 11, "default_order": 22, "balance": "157.30", "groups": [], "user_permissions": [], "AO_order_list": [], "order": [16, 17, 19, 18, 20, 21]}}, {"model": "admin.logentry", "pk": 1, "fields": {"action_time": "2019-02-20T07:20:18.823Z", "user": 2, "content_type": 14, "object_id": "2", "object_repr": "cs50@gmail.com", "action_flag": 2, "change_message": "[{\"changed\": {\"fields\": [\"AO_order_list\", \"order\"]}}]"}}, {"model": "admin.logentry", "pk": 2, "fields": {"action_time": "2019-02-20T07:22:14.273Z", "user": 2, "content_type": 14, "object_id": "2", "object_repr": "cs50@gmail.com", "action_flag": 2, "change_message": "[{\"changed\": {\"fields\": [\"email_confirmed\", \"default_order\"]}}]"}}, {"model": "admin.logentry", "pk": 3, "fields": {"action_time": "2019-02-20T07:22:39.680Z", "user": 2, "content_type": 2, "object_id": "3", "object_repr": "Croissant, Croissant, 12", "action_flag": 1, "change_message": "[{\"added\": {}}]"}}, {"model": "admin.logentry", "pk": 4, "fields": {"action_time": "2019-02-20T07:22:56.702Z", "user": 2, "content_type": 2, "object_id": "4", "object_repr": "Croissant, Choco, 13", "action_flag": 1, "change_message": "[{\"added\": {}}]"}}, {"model": "admin.logentry", "pk": 5, "fields": {"action_time": "2019-02-20T07:23:28.878Z", "user": 2, "content_type": 2, "object_id": "5", "object_repr": "Baguette, Baguette, 10", "action_flag": 1, "change_message": "[{\"added\": {}}]"}}, {"model": "admin.logentry", "pk": 6, "fields": {"action_time": "2019-02-20T07:23:44.826Z", "user": 2, "content_type": 2, "object_id": "6", "object_repr": "Baguette, Tradition, 12", "action_flag": 1, "change_message": "[{\"added\": {}}]"}}, {"model": "admin.logentry", "pk": 7, "fields": {"action_time": "2019-02-20T07:24:48.632Z", "user": 2, "content_type": 2, "object_id": "7", "object_repr": "Special, Campagne, 15", "action_flag": 1, "change_message": "[{\"added\": {}}]"}}, {"model": "admin.logentry", "pk": 8, "fields": {"action_time": "2019-02-20T07:36:58.602Z", "user": 2, "content_type": 7, "object_id": "3", "object_repr": "('Jumerah_3', True)", "action_flag": 2, "change_message": "[]"}}, {"model": "admin.logentry", "pk": 9, "fields": {"action_time": "2019-02-20T07:37:03.498Z", "user": 2, "content_type": 7, "object_id": "3", "object_repr": "('Jumerah_3', True)", "action_flag": 2, "change_message": "[]"}}, {"model": "admin.logentry", "pk": 10, "fields": {"action_time": "2019-02-20T07:37:07.118Z", "user": 2, "content_type": 7, "object_id": "2", "object_repr": "('Al_Manara', True)", "action_flag": 2, "change_message": "[]"}}, {"model": "admin.logentry", "pk": 11, "fields": {"action_time": "2019-02-20T07:46:30.518Z", "user": 2, "content_type": 3, "object_id": "3", "object_repr": "3, 14 al raddi street, 13.00, 2019-02-19", "action_flag": 1, "change_message": "[{\"added\": {}}, {\"added\": {\"name\": \"order item\", \"object\": \"1, Croissant, Choco, 13.00\"}}]"}}, {"model": "admin.logentry", "pk": 12, "fields": {"action_time": "2019-02-20T07:46:58.802Z", "user": 2, "content_type": 3, "object_id": "4", "object_repr": "4, 14 al raddi street, 15.00, 2019-02-18", "action_flag": 1, "change_message": "[{\"added\": {}}, {\"added\": {\"name\": \"order item\", \"object\": \"1, Special, Campagne, 15.00\"}}]"}}, {"model": "admin.logentry", "pk": 13, "fields": {"action_time": "2019-02-20T07:47:15.267Z", "user": 2, "content_type": 3, "object_id": "5", "object_repr": "5, 14 al raddi street, 12.00, 2019-02-17", "action_flag": 1, "change_message": "[{\"added\": {}}, {\"added\": {\"name\": \"order item\", \"object\": \"1, Baguette, Tradition, 12.00\"}}]"}}, {"model": "admin.logentry", "pk": 14, "fields": {"action_time": "2019-02-20T07:47:54.035Z", "user": 2, "content_type": 3, "object_id": "4", "object_repr": "4, 14 al raddi street, 15.00, 2019-02-18", "action_flag": 2, "change_message": "[{\"changed\": {\"fields\": [\"is_paid\"]}}]"}}, {"model": "admin.logentry", "pk": 15, "fields": {"action_time": "2019-02-20T07:47:59.010Z", "user": 2, "content_type": 3, "object_id": "5", "object_repr": "5, 14 al raddi street, 12.00, 2019-02-17", "action_flag": 2, "change_message": "[{\"changed\": {\"fields\": [\"is_paid\"]}}]"}}, {"model": "admin.logentry", "pk": 16, "fields": {"action_time": "2019-02-20T07:48:04.027Z", "user": 2, "content_type": 3, "object_id": "3", "object_repr": "3, 14 al raddi street, 13.00, 2019-02-19", "action_flag": 2, "change_message": "[{\"changed\": {\"fields\": [\"is_paid\"]}}]"}}, {"model": "admin.logentry", "pk": 17, "fields": {"action_time": "2019-02-20T07:48:11.502Z", "user": 2, "content_type": 3, "object_id": "2", "object_repr": "2, 2 Croissants and 1 Baguette., 34.00, 2019-02-21", "action_flag": 2, "change_message": "[]"}}, {"model": "admin.logentry", "pk": 18, "fields": {"action_time": "2019-02-20T07:48:55.746Z", "user": 2, "content_type": 3, "object_id": "6", "object_repr": "6, 14 al raddi street, 13.00, 2019-02-20", "action_flag": 1, "change_message": "[{\"added\": {}}, {\"added\": {\"name\": \"order item\", \"object\": \"1, Croissant, Choco, 13.00\"}}]"}}, {"model": "admin.logentry", "pk": 19, "fields": {"action_time": "2019-02-20T07:50:30.815Z", "user": 2, "content_type": 14, "object_id": "2", "object_repr": "cs50@gmail.com", "action_flag": 2, "change_message": "[{\"changed\": {\"fields\": [\"membership\"]}}]"}}, {"model": "admin.logentry", "pk": 20, "fields": {"action_time": "2019-02-20T07:52:53.027Z", "user": 2, "content_type": 3, "object_id": "1", "object_repr": "1, default_origin, 0.00, None", "action_flag": 3, "change_message": ""}}, {"model": "admin.logentry", "pk": 21, "fields": {"action_time": "2019-02-20T07:53:53.879Z", "user": 2, "content_type": 14, "object_id": "2", "object_repr": "cs50@gmail.com", "action_flag": 2, "change_message": "[{\"changed\": {\"fields\": [\"default_order\"]}}]"}}, {"model": "admin.logentry", "pk": 22, "fields": {"action_time": "2019-02-20T07:59:56.750Z", "user": 2, "content_type": 14, "object_id": "2", "object_repr": "cs50@gmail.com", "action_flag": 2, "change_message": "[{\"changed\": {\"fields\": [\"ratio\", \"default_order\"]}}]"}}, {"model": "admin.logentry", "pk": 23, "fields": {"action_time": "2019-02-20T08:00:07.298Z", "user": 2, "content_type": 14, "object_id": "2", "object_repr": "cs50@gmail.com", "action_flag": 2, "change_message": "[]"}}, {"model": "admin.logentry", "pk": 24, "fields": {"action_time": "2019-02-20T08:01:05.759Z", "user": 2, "content_type": 3, "object_id": "5", "object_repr": "5, 14 al raddi street, 38.00, 2019-02-17", "action_flag": 2, "change_message": "[{\"added\": {\"name\": \"order item\", \"object\": \"2, Croissant, Choco, 13.00\"}}]"}}, {"model": "admin.logentry", "pk": 25, "fields": {"action_time": "2019-02-20T08:02:05.844Z", "user": 2, "content_type": 14, "object_id": "3", "object_repr": "bbois17@gmail.com", "action_flag": 2, "change_message": "[{\"changed\": {\"fields\": [\"is_superuser\", \"order\"]}}]"}}, {"model": "admin.logentry", "pk": 26, "fields": {"action_time": "2019-02-20T08:04:11.029Z", "user": 2, "content_type": 15, "object_id": "4", "object_repr": "gold", "action_flag": 2, "change_message": "[]"}}, {"model": "admin.logentry", "pk": 27, "fields": {"action_time": "2019-02-20T08:04:41.018Z", "user": 2, "content_type": 6, "object_id": "1", "object_repr": "500 for 480", "action_flag": 1, "change_message": "[{\"added\": {}}]"}}, {"model": "admin.logentry", "pk": 28, "fields": {"action_time": "2019-02-20T08:04:47.246Z", "user": 2, "content_type": 6, "object_id": "2", "object_repr": "200 for 190", "action_flag": 1, "change_message": "[{\"added\": {}}]"}}, {"model": "admin.logentry", "pk": 29, "fields": {"action_time": "2019-02-20T08:04:54.816Z", "user": 2, "content_type": 6, "object_id": "3", "object_repr": "1000 for 950", "action_flag": 1, "change_message": "[{\"added\": {}}]"}}, {"model": "admin.logentry", "pk": 30, "fields": {"action_time": "2019-02-20T08:23:54.844Z", "user": 2, "content_type": 3, "object_id": "15", "object_repr": "15, 1 Baguette., 9.50, 2019-02-21", "action_flag": 3, "change_message": ""}}, {"model": "admin.logentry", "pk": 31, "fields": {"action_time": "2019-02-20T08:23:54.855Z", "user": 2, "content_type": 3, "object_id": "14", "object_repr": "14, 1 Baguette., 9.50, 2019-02-21", "action_flag": 3, "change_message": ""}}, {"model": "admin.logentry", "pk": 32, "fields": {"action_time": "2019-02-20T08:23:54.864Z", "user": 2, "content_type": 3, "object_id": "13", "object_repr": "13, 1 Baguette., 9.50, 2019-02-21", "action_flag": 3, "change_message": ""}}, {"model": "admin.logentry", "pk": 33, "fields": {"action_time": "2019-02-20T08:23:54.874Z", "user": 2, "content_type": 3, "object_id": "12", "object_repr": "12, 1 Baguette., 9.50, 2019-02-21", "action_flag": 3, "change_message": ""}}, {"model": "admin.logentry", "pk": 34, "fields": {"action_time": "2019-02-20T08:23:54.884Z", "user": 2, "content_type": 3, "object_id": "11", "object_repr": "11, 1 Baguette., 10.00, 2019-02-21", "action_flag": 3, "change_message": ""}}, {"model": "admin.logentry", "pk": 35, "fields": {"action_time": "2019-02-20T08:23:54.903Z", "user": 2, "content_type": 3, "object_id": "10", "object_repr": "10, default_origin, 0.00, None", "action_flag": 3, "change_message": ""}}, {"model": "admin.logentry", "pk": 36, "fields": {"action_time": "2019-02-20T08:23:54.910Z", "user": 2, "content_type": 3, "object_id": "9", "object_repr": "9, None, 0, None", "action_flag": 3, "change_message": ""}}, {"model": "admin.logentry", "pk": 37, "fields": {"action_time": "2019-02-20T08:23:54.918Z", "user": 2, "content_type": 3, "object_id": "8", "object_repr": "8, 1 Baguette., 9.50, 2019-02-21", "action_flag": 3, "change_message": ""}}, {"model": "admin.logentry", "pk": 38, "fields": {"action_time": "2019-02-20T08:23:54.935Z", "user": 2, "content_type": 3, "object_id": "7", "object_repr": "7, 2 Croissants and 1 Baguette., 32.30, 2019-02-21", "action_flag": 3, "change_message": ""}}, {"model": "admin.logentry", "pk": 39, "fields": {"action_time": "2019-02-20T08:23:54.944Z", "user": 2, "content_type": 3, "object_id": "6", "object_repr": "6, 14 al raddi street, 12.35, 2019-02-20", "action_flag": 3, "change_message": ""}}, {"model": "admin.logentry", "pk": 40, "fields": {"action_time": "2019-02-20T08:23:54.954Z", "user": 2, "content_type": 3, "object_id": "5", "object_repr": "5, 14 al raddi street, 36.10, 2019-02-17", "action_flag": 3, "change_message": ""}}, {"model": "admin.logentry", "pk": 41, "fields": {"action_time": "2019-02-20T08:23:54.965Z", "user": 2, "content_type": 3, "object_id": "4", "object_repr": "4, 14 al raddi street, 14.25, 2019-02-18", "action_flag": 3, "change_message": ""}}, {"model": "admin.logentry", "pk": 42, "fields": {"action_time": "2019-02-20T08:23:54.973Z", "user": 2, "content_type": 3, "object_id": "3", "object_repr": "3, 14 al raddi street, 12.35, 2019-02-19", "action_flag": 3, "change_message": ""}}, {"model": "admin.logentry", "pk": 43, "fields": {"action_time": "2019-02-20T08:23:54.984Z", "user": 2, "content_type": 3, "object_id": "2", "object_repr": "2, 2 Croissants and 1 Baguette., 32.30, 2019-02-21", "action_flag": 3, "change_message": ""}}, {"model": "admin.logentry", "pk": 44, "fields": {"action_time": "2019-02-20T08:24:28.938Z", "user": 2, "content_type": 3, "object_id": "16", "object_repr": "16, TEST, 11.40, 2019-02-20", "action_flag": 1, "change_message": "[{\"added\": {}}, {\"added\": {\"name\": \"order item\", \"object\": \"1, Croissant, Croissant, 12.00\"}}]"}}, {"model": "admin.logentry", "pk": 45, "fields": {"action_time": "2019-02-20T08:24:52.396Z", "user": 2, "content_type": 3, "object_id": "17", "object_repr": "17, TEST2, 9.50, 2019-02-19", "action_flag": 1, "change_message": "[{\"added\": {}}, {\"added\": {\"name\": \"order item\", \"object\": \"1, Baguette, Baguette, 10.00\"}}]"}}, {"model": "admin.logentry", "pk": 46, "fields": {"action_time": "2019-02-20T08:26:20.875Z", "user": 2, "content_type": 3, "object_id": "19", "object_repr": "19, TEST3, 15.00, 2019-02-17", "action_flag": 1, "change_message": "[{\"added\": {}}, {\"added\": {\"name\": \"order item\", \"object\": \"1, Special, Campagne, 15.00\"}}]"}}, {"model": "admin.logentry", "pk": 47, "fields": {"action_time": "2019-02-20T08:29:00.186Z", "user": 2, "content_type": 15, "object_id": "1", "object_repr": "silver", "action_flag": 2, "change_message": "[]"}}, {"model": "admin.logentry", "pk": 48, "fields": {"action_time": "2019-02-20T08:36:28.712Z", "user": 2, "content_type": 14, "object_id": "2", "object_repr": "cs50@gmail.com", "action_flag": 2, "change_message": "[{\"changed\": {\"fields\": [\"order\"]}}]"}}, {"model": "admin.logentry", "pk": 49, "fields": {"action_time": "2019-02-20T08:38:35.883Z", "user": 2, "content_type": 14, "object_id": "3", "object_repr": "bbois17@gmail.com", "action_flag": 3, "change_message": ""}}, {"model": "admin.logentry", "pk": 50, "fields": {"action_time": "2019-02-20T08:38:35.890Z", "user": 2, "content_type": 14, "object_id": "1", "object_repr": "benjaminbois@gmail.com", "action_flag": 3, "change_message": ""}}, {"model": "orders.order", "pk": 16, "fields": {"is_cancelled": false, "is_delivered": false, "is_paid": true, "date": "2019-02-20", "payment_reference": "test", "customer": 2, "delivery_address": 1, "delivery_preference": 1, "str": "TEST"}}, {"model": "orders.order", "pk": 17, "fields": {"is_cancelled": false, "is_delivered": false, "is_paid": true, "date": "2019-02-19", "payment_reference": "test", "customer": 2, "delivery_address": 1, "delivery_preference": 4, "str": "TEST2"}}, {"model": "orders.order", "pk": 18, "fields": {"is_cancelled": true, "is_delivered": false, "is_paid": false, "date": "2019-02-21", "payment_reference": "2019-02-21FB", "customer": 2, "delivery_address": 9, "delivery_preference": 9, "str": "1 Baguette."}}, {"model": "orders.order", "pk": 19, "fields": {"is_cancelled": false, "is_delivered": false, "is_paid": true, "date": "2019-02-17", "payment_reference": "test", "customer": 2, "delivery_address": 5, "delivery_preference": 1, "str": "TEST3"}}, {"model": "orders.order", "pk": 20, "fields": {"is_cancelled": true, "is_delivered": false, "is_paid": false, "date": "2019-02-21", "payment_reference": "2019-02-21FB", "customer": 2, "delivery_address": 10, "delivery_preference": 10, "str": "1 Baguette."}}, {"model": "orders.order", "pk": 21, "fields": {"is_cancelled": false, "is_delivered": false, "is_paid": false, "date": "2019-02-21", "payment_reference": "2019-02-21FB", "customer": 2, "delivery_address": 11, "delivery_preference": 11, "str": "1 Croissant, 1 Choco, 1 Baguette, 1 Tradition and 1 Campagne."}}, {"model": "orders.order", "pk": 22, "fields": {"is_cancelled": false, "is_delivered": false, "is_paid": false, "date": null, "payment_reference": null, "customer": null, "delivery_address": null, "delivery_preference": null, "str": null}}]